ID,Year,SustainabilityReporting,CorporateGovernanceIndexListing,SustainabilityCommittee,Industry,FirmSize,ReturnOnAsset,ReturnOnEquity,Leverage,NetProfit
1,2013,Yes,No,Yes,Manufacturing,7.012073756,0.05583292,0.133694794,0.582385236,574069
2,2013,Yes,No,Yes,Manufacturing,8.27680433,0.193290873,0.213018964,0.092611897,36560799
3,2013,Yes,No,Yes,Manufacturing,8.3161169,0.239832585,0.347786476,0.310402786,49662101
4,2013,No,No,No,Service,8.820468467,0.026311279,0.047072713,0.441050302,17402451
5,2013,Yes,No,Yes,Manufacturing,7.712801712,0.03916503,0.049997224,0.216655917,2021623
6,2013,Yes,No,Yes,Manufacturing,9.169444711,0.106881287,0.157870341,0.322980581,157887004
7,2013,No,No,No,Service,7.969866059,0.105833508,0.181163662,0.415812713,9873912
8,2013,Yes,No,Yes,Manufacturing,9.505337586,-0.039695922,-0.153475366,0.741353136,-127081836
9,2013,Yes,No,Yes,Manufacturing,8.382812288,-0.073672711,-0.095423994,0.227943533,-17787665
10,2013,Yes,No,Yes,Manufacturing,9.258063511,0.077657657,0.134307284,0.421791174,140685000
11,2013,Yes,No,Yes,Manufacturing,9.458840424,-0.045737043,-0.133681835,0.657866433,-131555348
12,2013,Yes,No,Yes,Manufacturing,7.614982928,-0.053423169,-0.064629573,0.173394368,-2201469
13,2013,Yes,No,Yes,Manufacturing,9.415970419,0.070701527,0.141785195,0.501347608,184246485
14,2013,Yes,No,Yes,Manufacturing,8.437464327,0.060464064,0.087563716,0.309484945,16556238
15,2013,Yes,No,Yes,Manufacturing,8.186109891,0.027346172,0.040864659,0.330811207,4197652
16,2013,Yes,No,Yes,Manufacturing,7.850829023,0.04100921,0.059131093,0.306469602,2908777
17,2013,No,No,No,Service,8.079313128,-0.00776999,-0.009533469,0.184977711,-932682
18,2013,Yes,No,Yes,Manufacturing,9.500282287,0.035206524,0.084298759,0.582360114,111405194
19,2013,Yes,No,Yes,Manufacturing,10.34960743,0.116641564,0.193799906,0.398134053,2608920000
20,2013,Yes,No,Yes,Manufacturing,8.81158093,0.306702292,0.544010599,0.436220007,198745796
21,2013,Yes,No,Yes,Manufacturing,8.913417917,0.001675335,0.005038908,0.667520156,1372523
22,2013,No,No,No,Service,8.254376837,-0.075992083,-0.264805524,0.71302682,-13650394
23,2013,Yes,No,Yes,Manufacturing,10.05732051,0.052392376,0.14445041,0.637298531,597845000
24,2013,No,No,No,Service,8.586525232,0.039474442,0.117257861,0.663353556,15234957
25,2013,No,No,No,Service,8.332035055,0.040609345,0.135884108,0.701147207,8722903
26,2013,Yes,No,Yes,Manufacturing,8.29508908,0.050445119,0.086627951,0.417680802,9951951
27,2013,Yes,No,Yes,Manufacturing,9.602925042,0.059401934,0.147648767,0.597680796,238081489
28,2013,Yes,No,Yes,Manufacturing,8.680711514,0.053430375,0.069867198,0.235258083,25615317
29,2013,Yes,No,Yes,Manufacturing,8.515653749,0.100100461,0.131649028,0.239641474,32816316
30,2013,No,No,No,Service,7.831107357,-0.00408438,-0.008175859,0.50043406,-276843
31,2013,Yes,No,Yes,Manufacturing,7.857948052,-0.003268045,-0.003627712,0.09914414,-235633
32,2013,Yes,No,Yes,Manufacturing,9.067545714,-0.041810675,-0.201513275,0.792516524,-48846437
33,2013,Yes,No,Yes,Manufacturing,7.712664026,-0.009588502,-0.017055529,0.437806838,-494783
34,2013,Yes,No,Yes,Manufacturing,9.503559996,0.06437682,0.091484755,0.296310956,205253000
35,2013,Yes,No,Yes,Manufacturing,8.696854101,0.004172147,0.00931116,0.551919711,2075935
36,2013,Yes,No,Yes,Manufacturing,8.374896963,0.027782352,0.055620927,0.500505414,6586671
37,2013,Yes,No,Yes,Manufacturing,7.4295846,-0.041335919,-0.14690189,0.718615469,-1111507
38,2013,Yes,No,Yes,Manufacturing,8.988448977,-0.057488182,-0.485049836,0.881479845,-55979311
39,2013,Yes,No,Yes,Manufacturing,8.608307118,0.086375679,0.104817722,0.175943945,35050853
40,2013,Yes,No,Yes,Manufacturing,8.924810548,0.047104385,0.08004105,0.411497168,39616115
41,2013,Yes,No,Yes,Manufacturing,8.446982679,0.031710987,0.045006957,0.295420331,8875492
42,2013,Yes,No,Yes,Manufacturing,7.51939406,-0.076843176,-0.160751852,0.521976419,-2540969
43,2013,No,No,No,Service,8.437702848,0.009288082,0.111876257,0.916978967,2544655
44,2013,No,No,No,Service,9.430924422,0.15311185,0.41328818,0.629527633,412984000
45,2013,No,No,No,Service,8.717947633,0.023265611,0.090319325,0.742407168,12152401
46,2013,Yes,No,Yes,Manufacturing,8.384640246,-0.036932088,-0.07479346,0.50621234,-8954557
47,2013,Yes,No,Yes,Manufacturing,7.553000902,-0.081215605,-0.142373344,0.429558911,-2901619
48,2013,No,No,No,Service,8.662730658,0.086571936,0.292295443,0.703820438,39820599
49,2013,Yes,No,Yes,Manufacturing,8.464316265,0.15325361,0.19387817,0.209536536,44640287
50,2013,Yes,No,Yes,Manufacturing,9.302046335,0.018344351,0.050993423,0.640260451,36774662
51,2013,Yes,No,Yes,Manufacturing,7.789815795,0.138949474,0.203515861,0.317254815,8563922
52,2013,Yes,No,Yes,Manufacturing,8.843762605,0.02472929,0.041062805,0.397769098,17257356
53,2013,Yes,No,Yes,Manufacturing,9.147807666,0.102707846,0.253925554,0.595519851,144348171
54,2013,Yes,No,Yes,Manufacturing,7.618677357,-0.063311285,-0.152763828,0.585561023,-2631228
55,2013,Yes,No,Yes,Manufacturing,6.877605825,-0.131222899,-0.461321125,0.715549772,-989955
56,2013,Yes,No,Yes,Manufacturing,8.700306682,0.061271824,0.064396501,0.048522463,30730349
57,2013,No,No,No,Service,9.195059564,-0.064299924,-0.124589973,0.483907718,-100755792
58,2013,Yes,No,Yes,Manufacturing,9.845456185,0.069771439,0.170235211,0.590146843,488803000
59,2013,Yes,No,Yes,Manufacturing,8.928391235,0.018055363,0.045940826,0.606986544,15310785
60,2013,No,No,No,Service,8.712023411,0.005928633,0.06521523,0.909091287,3054766
61,2013,Yes,No,Yes,Manufacturing,8.000883216,-0.006068915,-0.022117541,0.725606237,-608127
62,2013,Yes,No,Yes,Manufacturing,8.575626051,0.071085732,0.08928626,0.203844662,26755218
63,2013,Yes,No,Yes,Manufacturing,8.296638645,0.0683693,0.079420841,0.139151647,13536294
64,2013,Yes,No,Yes,Manufacturing,7.85915911,0.043606403,0.081352973,0.463985135,3152894
65,2013,Yes,No,Yes,Manufacturing,9.146939408,0.024454983,0.03334474,0.266601455,34301000
66,2013,Yes,No,Yes,Manufacturing,9.158365385,0.209936669,0.268358161,0.217699703,302310817
67,2013,Yes,No,Yes,Manufacturing,7.980809365,-0.183086664,-0.393036739,0.534174173,-17517256
68,2013,Yes,No,Yes,Manufacturing,7.533164905,6.804566409,-1.596371978,5.262519326,232255155
69,2013,No,No,No,Service,7.897324629,-0.040685984,-0.103496764,0.606886415,-3211955
70,2013,Yes,No,Yes,Manufacturing,8.158483092,0.004334282,0.008899344,0.512966111,624310
71,2013,Yes,No,Yes,Manufacturing,7.764724933,-0.015208601,-0.033049251,0.539820105,-884737
72,2013,Yes,No,Yes,Manufacturing,8.101672856,0.016246225,0.073583809,0.77921467,2053172
73,2013,Yes,No,Yes,Manufacturing,8.198220349,-0.018505467,-0.0459141,0.596954587,-2920925
74,2013,No,No,No,Service,7.850387106,0.12353761,0.179915984,0.313359454,8753592
75,2013,Yes,No,Yes,Manufacturing,7.359634124,-0.090668884,-0.160385375,0.434681098,-2075355
76,2013,Yes,No,Yes,Manufacturing,7.634390251,0.090874123,0.176204284,0.484268368,3915890
77,2013,Yes,No,Yes,Manufacturing,7.799150976,0.040072568,0.071270608,0.437740623,2523470
78,2013,Yes,No,Yes,Manufacturing,8.571988081,0.074222156,0.084160486,0.118087845,27702671
79,2013,Yes,No,Yes,Manufacturing,8.448639707,-0.000525422,-0.00239702,0.780801858,-147621
80,2013,Yes,No,Yes,Manufacturing,7.272365649,-0.066925612,-0.081277804,0.176581932,-1253020
81,2013,Yes,No,Yes,Manufacturing,9.391701684,0.090875226,0.200299804,0.546303969,223948000
82,2013,Yes,No,Yes,Manufacturing,8.042224963,-0.072500192,-0.611392956,0.881418013,-7990319
83,2013,Yes,No,Yes,Manufacturing,8.796667418,0.018094525,0.118552573,0.847371297,11329601
84,2013,Yes,No,Yes,Manufacturing,8.136882811,0.216151928,0.318269764,0.320853084,29623879
85,2013,Yes,No,Yes,Manufacturing,8.382128952,-0.032649947,-0.039934611,0.182414802,-7870665
86,2013,Yes,No,Yes,Manufacturing,8.55467621,0.043758028,0.094371718,0.53632265,15694011
87,2013,Yes,No,Yes,Manufacturing,8.43638126,0.106618555,0.171870367,0.379657139,29121521
88,2013,Yes,No,Yes,Manufacturing,7.987773239,0.037556232,-0.122344385,1.306971436,3651365
89,2013,Yes,No,Yes,Manufacturing,9.536207204,0.017867351,0.021030917,0.150424515,61414000
90,2013,Yes,No,Yes,Manufacturing,7.574020451,-0.092570092,-0.842703075,0.890150997,-3471292
91,2013,Yes,No,Yes,Manufacturing,8.022612988,0.012413886,0.031031835,0.599962872,1307738
92,2013,Yes,No,Yes,Manufacturing,7.706737969,-0.256212943,-2.820315727,0.909154517,-13041845
93,2013,Yes,No,Yes,Manufacturing,10.25721229,0.069050175,0.103329234,0.331745995,1248467000
94,2013,Yes,No,Yes,Manufacturing,8.278503467,0.079524342,0.13864156,0.426403297,15100925
95,2013,Yes,No,Yes,Manufacturing,10.14719645,0.065550967,0.105661309,0.379612389,919974000
96,2013,No,No,No,Service,7.587483097,-0.010618309,-0.013717812,0.225947332,-410713
97,2013,No,No,No,Service,7.911611915,0.222635095,0.254941911,0.126722265,18163751
98,2013,Yes,No,Yes,Manufacturing,7.593800545,-0.193150415,-0.356295596,0.457892781,-7580471
99,2013,No,No,No,Service,7.108166535,-0.064105133,-0.075950792,0.155964925,-822355
100,2013,Yes,No,Yes,Manufacturing,7.504878935,0.238053335,0.257510242,0.075557797,7612954
101,2013,No,No,No,Service,7.707891699,0.015961179,0.032187145,0.504113238,814623
102,2013,Yes,No,Yes,Manufacturing,9.777513109,0.107069174,0.286806109,0.626684473,641471786
103,2013,No,No,No,Service,7.476853357,-0.106079049,-0.392569031,0.729782433,-3180409
104,2013,Yes,No,Yes,Manufacturing,8.292130037,0.112628614,0.131603537,0.144182469,22068803
105,2013,Yes,No,Yes,Manufacturing,8.046286645,-0.032868194,-0.096480191,0.659327019,-3656474
106,2013,Yes,No,Yes,Manufacturing,8.804256643,0.10779106,0.160346872,0.327763251,68681439
107,2013,Yes,No,Yes,Manufacturing,8.691380017,0.055411243,0.090379543,0.386905034,27225628
108,2013,Yes,No,Yes,Manufacturing,9.483904855,0.031082004,0.084114917,0.630481662,94713933
109,2013,Yes,No,Yes,Manufacturing,8.129394623,-0.006604244,-0.011402528,0.4208088,-889647
110,2013,Yes,No,Yes,Manufacturing,8.124847928,0.135281491,0.175132801,0.227549094,18033761
111,2013,Yes,No,Yes,Manufacturing,9.157880898,-0.042473449,-0.084484086,0.497260953,-61093981
112,2013,Yes,No,Yes,Manufacturing,8.426953381,-0.088672721,-0.127120415,0.302450977,-23699731
113,2013,Yes,No,Yes,Manufacturing,8.414890704,0.008740759,0.010610412,0.176209271,2272165
114,2013,No,No,No,Service,8.877293525,0.006882473,0.035750849,0.80748784,5188455
115,2013,Yes,No,Yes,Manufacturing,8.305821445,-0.009772343,-0.097443559,0.899712792,-1976151
116,2013,Yes,No,Yes,Manufacturing,9.34901176,-0.052901014,-0.238235668,0.777946711,-118161434
117,2013,Yes,No,Yes,Manufacturing,8.332501446,0.125652961,0.182217843,0.310424496,27019305
118,2013,Yes,No,Yes,Manufacturing,8.19239927,0.077953912,0.131485182,0.40712778,12140517
119,2013,Yes,No,Yes,Manufacturing,7.902102963,-0.023748813,-0.074992297,0.683316639,-1895592
120,2013,Yes,No,Yes,Manufacturing,9.247695652,0.038749348,0.080533821,0.518843787,68542518
121,2013,No,No,No,Service,8.453445655,0.049612855,0.092761622,0.465157529,14094182
122,2013,Yes,No,Yes,Manufacturing,9.013466158,0.015365323,0.047528843,0.676715812,15849219
123,2013,Yes,No,Yes,Manufacturing,8.131466112,-0.089879136,-0.248349773,0.638094552,-12165361
124,2013,Yes,No,Yes,Manufacturing,7.86119074,0.078843839,0.156632709,0.49663235,5727413
125,2013,Yes,No,Yes,Manufacturing,8.451544299,0.12655559,0.14321513,0.116325283,35795269
126,2013,Yes,No,Yes,Manufacturing,8.729887667,-0.029181196,-0.04641363,0.371279602,-15667177
127,2013,Yes,No,Yes,Manufacturing,8.567475257,-0.118342379,2.051239101,1.057693118,-43713497
128,2013,Yes,No,Yes,Manufacturing,8.477016419,0.042662544,0.208878295,0.795754059,12795674
129,2013,No,No,No,Service,7.883704931,0.052455361,0.096312914,0.455365242,4013237
130,2013,Yes,No,Yes,Manufacturing,8.581364712,0.092416564,0.113010979,0.182233752,35246381
131,2013,Yes,No,Yes,Manufacturing,9.252211237,0.017244911,0.029391512,0.413268994,30822808
132,2013,Yes,No,Yes,Manufacturing,7.880839415,0.034115853,0.039146838,0.12851574,2592959
133,2013,No,No,No,Service,7.236121233,0.078164749,0.121956169,0.359075073,1346270
134,2013,No,No,No,Service,7.53502599,0.175094103,0.194787502,0.101101963,6002021
135,2013,Yes,No,Yes,Manufacturing,8.313205985,0.069995928,0.098136839,0.286751757,14397224
136,2013,No,No,No,Service,7.125452865,0.072133331,0.079653528,0.094411342,962917
137,2013,No,No,No,Service,8.09601366,0.154560016,0.326088724,0.526018521,19280168
138,2013,No,No,No,Service,8.103309644,0.009079993,0.019211517,0.527367188,1151848
139,2013,Yes,No,Yes,Manufacturing,7.974915385,-0.012083725,-0.02166684,0.442294068,-1140555
140,2013,Yes,No,Yes,Manufacturing,8.118321746,-0.285614745,1.940566605,1.147181109,-37506140
141,2013,Yes,No,Yes,Manufacturing,8.481851533,0.172397295,0.215582591,0.200319033,52285586
142,2013,No,No,No,Service,7.718075672,0.019545014,0.020036199,0.024514877,1021202
143,2013,Yes,No,Yes,Manufacturing,8.242635388,-0.017073091,-0.027643759,0.382388949,-2985022
144,2013,No,No,No,Service,8.684111748,-0.083994475,-0.419340018,0.799698404,-40584712
145,2013,No,No,No,Service,7.002568624,0.107325445,0.133121194,0.193776418,1079621
146,2013,Yes,No,Yes,Manufacturing,7.132250369,-0.06711088,-0.087152746,0.229962531,-910004
147,2013,Yes,No,Yes,Manufacturing,8.80488644,0.040296625,0.086444608,0.53384455,25713140
148,2013,Yes,No,Yes,Manufacturing,8.436523758,-0.044985052,-0.106111334,0.576057987,-12291135
149,2013,Yes,No,Yes,Manufacturing,8.199388172,0.002951799,0.004124636,0.284349206,467170
150,2013,Yes,No,Yes,Manufacturing,7.904635948,-0.038259614,-0.188086864,0.796585399,-3071684
151,2013,No,No,No,Service,7.345766496,-0.22336039,4.583679137,1.048729499,-4951909
152,2013,No,No,No,Service,9.763175955,-0.079904117,-0.557891605,0.856774836,-463175000
153,2013,No,No,No,Service,8.071603307,-0.081187346,-0.094958783,0.14502541,-9573961
154,2013,Yes,No,Yes,Manufacturing,7.05250672,0.027252313,0.029237084,0.067885415,307546
155,2013,Yes,No,Yes,Manufacturing,8.537605594,0.007428344,0.01637235,0.546287277,2561519
156,2013,No,No,No,Service,9.073092796,0.147863656,0.179286761,0.175267289,174966231
157,2013,No,No,No,Service,8.890595761,0.002826229,0.007599947,0.628125105,2196864
158,2013,Yes,No,Yes,Manufacturing,7.701986079,-0.020879095,-0.033632968,0.379207486,-1051230
159,2013,Yes,No,Yes,Manufacturing,9.133277025,0.064680521,0.098522664,0.343496015,87912481
160,2013,Yes,No,Yes,Manufacturing,8.517611301,0.05070238,0.070778955,0.283651767,16697046
161,2013,Yes,No,Yes,Manufacturing,7.576774772,0.042536467,0.078005809,0.454701291,1605226
162,2013,Yes,No,Yes,Manufacturing,8.559616895,-0.095415283,-0.468080059,0.796156061,-34612649
163,2013,Yes,No,Yes,Manufacturing,8.330455445,-0.023909514,-0.077985646,0.69341135,-5117127
164,2013,Yes,No,Yes,Manufacturing,9.138381703,0.070213948,0.353357088,0.801294638,96561743
165,2013,Yes,No,Yes,Manufacturing,8.022219753,-0.121203488,-0.891214474,0.864001886,-12756598
166,2013,Yes,No,Yes,Manufacturing,8.766548996,0.1185465,0.133125852,0.109515559,69252863
167,2013,Yes,No,Yes,Manufacturing,8.675350722,0.021694811,0.027243225,0.203662176,10273220
168,2013,Yes,No,Yes,Manufacturing,9.544630601,0.026161469,0.079987488,0.672930486,91683825
169,2013,Yes,No,Yes,Manufacturing,8.266595444,-0.132926637,-0.357450435,0.628125681,-24558818
170,2013,Yes,No,Yes,Manufacturing,9.511298996,0.01506539,0.028636332,0.473906444,48896680
171,2013,No,No,No,Service,7.603164636,0.068550966,0.126919808,0.45988757,2749022
172,2013,No,No,No,Service,8.644712151,0.086692335,0.114872782,0.24531875,38255409
173,2013,No,No,No,Service,8.113632604,-0.066520542,-0.118485669,0.438577324,-8641485
174,2013,No,No,No,Service,8.834641571,0.098694929,0.140555229,0.297821008,67442927
175,2013,Yes,No,Yes,Manufacturing,8.354513917,-0.010467254,-0.02209002,0.526154634,-2367809
176,2013,No,No,No,Service,7.559279089,0.057488132,0.064382789,0.107088511,2083806
177,2013,Yes,No,Yes,Manufacturing,7.548460877,0.011454211,0.011865551,0.034666742,404973
178,2013,No,No,No,Service,8.758594453,0.047976058,0.103893599,0.538219308,27518136
179,2013,Yes,No,Yes,Manufacturing,7.060210553,-0.08743605,-0.11682335,0.251553307,-1004387
180,2013,Yes,No,Yes,Manufacturing,7.650441386,0.000957043,0.002255157,0.575620402,42793
181,2013,No,No,No,Service,8.577555515,0.033760928,0.065523557,0.484751298,12763503
182,2013,Yes,No,Yes,Manufacturing,7.926873335,-0.002860435,-0.012022336,0.762073286,-241716
183,2013,Yes,No,Yes,Manufacturing,8.958269609,0.028510986,0.079793118,0.642688662,25898931
184,2013,Yes,No,Yes,Manufacturing,8.814273573,0.009571513,0.024972491,0.616717712,6241000
185,2013,No,No,No,Service,7.237856051,0.075646044,0.119377095,0.366326979,1308104
186,2013,Yes,No,Yes,Manufacturing,6.663914252,0.104134736,0.137587604,0.243138675,480297
187,2013,Yes,No,Yes,Manufacturing,7.900746067,0.018773901,0.052604267,0.64311068,1493828
188,2013,Yes,No,Yes,Manufacturing,9.250533923,0.115598694,0.166468374,0.305581643,205819658
189,2013,Yes,No,Yes,Manufacturing,7.379833694,0.059101565,0.068902486,0.142243354,1417205
190,2013,Yes,No,Yes,Manufacturing,7.69532758,0.047705755,0.04835357,0.013397475,2365366
191,2013,Yes,No,Yes,Manufacturing,7.937677624,0.07598565,0.079457153,0.043690244,6582778
192,2013,No,No,No,Service,8.753520295,0.004399347,0.011243976,0.60873748,2494069
193,2013,Yes,No,Yes,Manufacturing,9.841906125,0.048366747,0.182752566,0.735342992,336088000
194,2013,No,No,No,Service,6.583849275,-0.185228617,-0.284516079,0.348969599,-710489
195,2013,No,No,No,Service,9.023634717,0.053710998,0.224397018,0.760642998,56715000
196,2013,Yes,No,Yes,Manufacturing,7.518329944,0.006854146,0.017719665,0.613189884,226091
197,2013,Yes,No,Yes,Service,9.252332293,-0.35246091,-17.96780816,0.980383756,-630149000
198,2013,No,No,No,Service,8.834538532,0.001277514,0.042169723,0.969705415,872779
199,2013,Yes,No,Yes,Manufacturing,9.772922994,0.073246998,0.228681166,0.679698161,434223000
200,2013,Yes,No,Yes,Manufacturing,9.589399149,0.030165127,0.050252052,0.399723477,117193711
201,2013,Yes,No,Yes,Manufacturing,8.340221239,-0.182620371,-1.009950069,0.819178812,-39973342
202,2013,Yes,No,Yes,Manufacturing,9.070960548,0.02144951,0.035739131,0.399831226,25256777
203,2013,Yes,No,Yes,Service,10.32747376,0.109633081,0.158408699,0.30790997,2330319000
204,2013,Yes,No,Yes,Manufacturing,8.458500217,0.215940885,0.265578934,0.186905066,62063333
205,2013,Yes,No,Yes,Manufacturing,10.32509239,0.056634708,0.232990121,0.75692228,1197223000
206,2013,Yes,No,Yes,Manufacturing,10.40486924,0.026876047,0.098055062,0.725908628,682707427
207,2013,Yes,No,Yes,Manufacturing,8.7702119,0.015524377,0.067491494,0.769980252,9145892
208,2013,No,No,No,Service,10.26113232,0.071421192,0.244583452,0.707988456,1303045000
209,2013,Yes,No,Yes,Manufacturing,9.174528811,0.187276508,0.376562983,0.502668833,279905939
210,2013,Yes,No,Yes,Manufacturing,8.659763172,0.182823708,0.357993682,0.489310238,83521000
211,2013,Yes,No,Yes,Manufacturing,10.06004133,0.037610072,0.065282364,0.423886179,431862505
212,2013,No,No,No,Service,7.41199393,-0.06417797,-0.108719732,0.40969345,-1657219
213,2013,Yes,No,Yes,Manufacturing,8.425701449,-0.013925279,-0.040660984,0.657527254,-3711123
214,2013,No,No,No,Service,8.28851655,-0.095371885,-0.19838774,0.519265229,-18532624
215,2013,Yes,No,Yes,Manufacturing,6.564114622,-0.645050136,0.542939386,2.188070257,-2364330
216,2013,Yes,No,Yes,Manufacturing,9.499955265,0.059662022,0.148756615,0.598928614,188648445
217,2013,Yes,No,Yes,Manufacturing,8.496066739,0.1757774,0.198771892,0.115682819,55084546
218,2013,Yes,No,Yes,Manufacturing,8.54703658,-0.018942062,-0.039883429,0.525064359,-6675193
219,2013,No,No,No,Service,7.540519159,0.031947283,0.041552669,0.231161724,1109055
220,2013,Yes,No,Yes,Manufacturing,9.13127308,0.038944567,0.097427164,0.600269934,52689000
221,2013,Yes,No,Yes,Manufacturing,9.751033242,-0.017691041,-0.074131535,0.761356072,-99721000
222,2013,Yes,No,Yes,Manufacturing,8.20816891,-0.185185035,-1.842206627,0.899476513,-29907134
223,2013,No,No,No,Service,7.360933068,0.007417213,0.009787607,0.242183186,170284
224,2013,Yes,No,Yes,Manufacturing,8.383879425,0.008257034,0.026676662,0.690477245,1998497
225,2013,Yes,No,Yes,Manufacturing,6.650056298,-13.83543817,-14.39154715,0.038641362,-61808644
226,2013,Yes,No,Yes,Manufacturing,7.976983619,0.164238352,0.211674201,0.224098396,15576081
227,2013,Yes,No,Yes,Manufacturing,7.312392926,0.230497792,0.310080317,0.256651327,4732163
228,2013,Yes,No,Yes,Manufacturing,8.381564382,0.064427682,0.20918441,0.692005338,15510896
229,2013,Yes,No,Yes,Manufacturing,9.799452073,-0.049062161,-0.401039012,0.877662372,-309171000
230,2014,Yes,No,Yes,Manufacturing,7.012073756,0.004417079,0.018930622,0.766670178,45416
231,2014,Yes,No,Yes,Manufacturing,8.359593873,0.337207208,0.386414068,0.127342309,77177503
232,2014,Yes,No,Yes,Manufacturing,8.450342826,0.099586022,0.189382843,0.474154996,28089319
233,2014,No,No,No,Service,8.888782901,0.023944009,0.046366526,0.483592768,18534453
234,2014,Yes,No,Yes,Manufacturing,7.851024256,0.18280696,0.243262582,0.248520019,12972300
235,2014,Yes,No,Yes,Manufacturing,9.204797112,0.155238362,0.215215318,0.278683489,248768945
236,2014,No,No,No,Service,7.969866059,0.126881627,0.471226445,0.73074171,11837631
237,2014,Yes,No,Yes,Manufacturing,9.511095667,-0.099026086,-0.632271269,0.84338038,-321251586
238,2014,Yes,No,Yes,Manufacturing,8.526113327,0.278234758,0.333991177,0.166939795,93438253
239,2014,Yes,No,Yes,Manufacturing,9.300703718,0.081485696,0.146267659,0.442900118,162849000
240,2014,Yes,No,Yes,Manufacturing,9.539043561,0.011450752,0.038755394,0.70453785,39616634
241,2014,Yes,No,Yes,Manufacturing,7.624231711,-0.026567928,-0.034034452,0.219381365,-1118380
242,2014,Yes,No,Yes,Manufacturing,9.357143908,0.015063203,0.02615175,0.424007819,34281613
243,2014,Yes,No,Yes,Manufacturing,8.393172397,0.082983764,0.104740875,0.207723212,20519441
244,2014,Yes,No,Yes,Manufacturing,8.062285239,-0.059893516,-0.078037377,0.232502187,-6912976
245,2014,Yes,No,Yes,Manufacturing,7.850829023,-0.026567828,-0.131973021,0.798687427,-1884452
246,2014,No,No,No,Service,8.067691483,-0.008594821,-0.010391299,0.172882937,-1004450
247,2014,Yes,No,Yes,Manufacturing,9.482838092,0.033482656,0.066821501,0.498923916,101778957
248,2014,Yes,No,Yes,Manufacturing,10.30349424,-0.025466738,-0.043321688,0.412148074,-512233000
249,2014,Yes,No,Yes,Manufacturing,8.840505828,0.049581886,0.102851192,0.517925992,34342260
250,2014,Yes,No,Yes,Manufacturing,8.949603043,0.011264923,0.033658088,0.665313037,10030701
251,2014,No,No,No,Service,7.551076454,0.099078356,0.103461056,0.042360858,3524157
252,2014,Yes,No,Yes,Manufacturing,10.09324671,0.049784893,0.140287876,0.645123338,617084000
253,2014,No,No,No,Service,8.697180609,0.039542447,0.125029657,0.683735461,19689929
254,2014,No,No,No,Service,8.532373854,0.037245731,0.165098573,0.774403069,12689671
255,2014,Yes,No,Yes,Manufacturing,8.435539487,0.164317368,0.280028752,0.41321251,44794321
256,2014,Yes,No,Yes,Manufacturing,9.705515771,0.077237485,0.154403128,0.499767352,392052201
257,2014,Yes,No,Yes,Manufacturing,8.680711514,0.085659793,0.150437326,0.430594816,41066580
258,2014,Yes,No,Yes,Manufacturing,8.600490028,0.156490678,0.222213848,0.295765409,62370396
259,2014,No,No,No,Service,7.831107357,0.00479759,0.016671699,0.712231472,325185
260,2014,Yes,No,Yes,Manufacturing,7.857948052,0.092618993,0.101687815,0.089182977,6678026
261,2014,Yes,No,Yes,Manufacturing,9.15563447,0.018755121,0.097963039,0.808549009,26838259
262,2014,Yes,No,Yes,Manufacturing,7.664924701,0.022597254,0.035682581,0.366714697,1044673
263,2014,Yes,No,Yes,Manufacturing,9.53303677,0.063875755,0.092386794,0.308605136,217958000
264,2014,Yes,No,Yes,Manufacturing,8.868954865,0.045484431,0.114254515,0.601902551,33637029
265,2014,Yes,No,Yes,Manufacturing,8.37189578,0.032221329,0.059774721,0.460953919,7586461
266,2014,Yes,No,Yes,Manufacturing,7.4295846,-0.067713462,-0.375409344,0.819627658,-1820789
267,2014,Yes,No,Yes,Manufacturing,8.995040119,-0.020871389,-0.225308889,0.907365445,-20634382
268,2014,Yes,No,Yes,Manufacturing,8.654420597,0.112947386,0.136996588,0.175545988,50967905
269,2014,Yes,No,Yes,Manufacturing,8.960826002,0.085105893,0.136834518,0.378037837,77765261
270,2014,Yes,No,Yes,Manufacturing,8.494170529,0.098595825,0.135638885,0.273100595,30763026
271,2014,Yes,No,Yes,Manufacturing,7.51939406,0.028870615,0.075055244,0.615341805,954663
272,2014,No,No,No,Service,8.315349583,-0.041225435,-0.349893687,0.882177255,-8521476
273,2014,No,No,No,Service,9.510294414,0.122076284,0.343878503,0.6450017,395299000
274,2014,No,No,No,Service,8.717947633,0.017706741,0.330441724,0.946414934,9248819
275,2014,Yes,No,Yes,Manufacturing,8.384640246,-0.033256988,-0.076984908,0.568006397,-8063492
276,2014,Yes,No,Yes,Manufacturing,7.553000902,-0.061397515,-0.133360615,0.539612837,-2193571
277,2014,No,No,No,Service,8.72533357,0.020491189,0.08098566,0.746977566,10886812
278,2014,Yes,No,Yes,Manufacturing,8.691368972,0.202392107,0.30258379,0.331120456,99440327
279,2014,Yes,No,Yes,Manufacturing,9.42862512,0.009360918,0.025157102,0.627901567,25115601
280,2014,Yes,No,Yes,Manufacturing,7.874069367,0.123370528,0.180992496,0.318366616,9231681
281,2014,Yes,No,Yes,Manufacturing,8.790946382,0.011395524,0.023987386,0.524936837,7041751
282,2014,Yes,No,Yes,Manufacturing,9.197658593,0.118195246,0.308028631,0.616284871,186319625
283,2014,Yes,No,Yes,Manufacturing,7.690966446,0.000468882,0.001385896,0.66167599,23016
284,2014,Yes,No,Yes,Manufacturing,6.889479139,-0.069264212,-0.343761062,0.798510596,-537017
285,2014,Yes,No,Yes,Manufacturing,8.700306682,0.117780114,0.164294254,0.283114831,59071589
286,2014,No,No,No,Service,9.26369818,0.054761306,0.110821268,0.505859234,100501369
287,2014,Yes,No,Yes,Manufacturing,9.857444675,0.043798546,0.093515567,0.531644325,315431000
288,2014,Yes,No,Yes,Manufacturing,8.928391235,0.024388031,0.076367481,0.680649013,20680830
289,2014,No,No,No,Service,8.758340141,0.095190634,0.512595077,0.814296629,54567538
290,2014,Yes,No,Yes,Manufacturing,7.999658137,0.07829889,0.226046736,0.653616365,7823728
291,2014,Yes,No,Yes,Manufacturing,8.52568926,-0.071240407,-0.090557434,0.213312438,-23900977
292,2014,Yes,No,Yes,Manufacturing,8.337096619,0.072216198,0.085911273,0.159409523,15693913
293,2014,Yes,No,Yes,Manufacturing,7.85915911,0.023268373,0.044617751,0.478495159,1682384
294,2014,Yes,No,Yes,Manufacturing,9.146939408,0.079042191,0.104455267,0.243291474,110866000
295,2014,Yes,No,Yes,Manufacturing,9.178322695,0.127994436,0.164978576,0.224175413,192980659
296,2014,Yes,No,Yes,Manufacturing,7.999851659,0.128345191,0.22395584,0.426917417,12830136
297,2014,Yes,No,Yes,Manufacturing,7.884658996,-0.195562231,0.098234419,2.990770988,-14994914
298,2014,No,No,No,Service,8.354657302,0.037515019,0.215504643,0.825920137,8489116
299,2014,Yes,No,Yes,Manufacturing,8.198822263,0.027931735,0.059808025,0.532976797,4414893
300,2014,Yes,No,Yes,Manufacturing,7.812252734,0.019551426,0.043499062,0.550532247,1268911
301,2014,Yes,No,Yes,Manufacturing,8.101672856,0.019981832,0.10181208,0.803738101,2525272
302,2014,Yes,No,Yes,Manufacturing,8.234241589,0.027763266,0.069910636,0.602874939,4761153
303,2014,No,No,No,Service,7.837847038,0.118679399,0.158567047,0.251550679,8170006
304,2014,Yes,No,Yes,Manufacturing,7.359634124,-0.071359541,-0.129821112,0.450324069,-1633376
305,2014,Yes,No,Yes,Manufacturing,7.681876706,0.153282383,0.250362573,0.387758396,7368328
306,2014,Yes,No,Yes,Manufacturing,7.811900424,0.115978034,0.18851015,0.384765043,7521010
307,2014,Yes,No,Yes,Manufacturing,8.593837799,0.095345089,0.107072636,0.10952889,37422787
308,2014,Yes,No,Yes,Manufacturing,8.448639707,-0.040104546,-8.482676146,0.995272182,-11267649
309,2014,Yes,No,Yes,Manufacturing,7.272365649,-0.068929503,-0.090614776,0.23931277,-1290538
310,2014,Yes,No,Yes,Manufacturing,9.451365288,0.089003228,0.203533023,0.562708661,251635000
311,2014,Yes,No,Yes,Manufacturing,8.010757087,0.018101698,0.126438523,0.856833996,1855566
312,2014,Yes,No,Yes,Manufacturing,8.824599689,0.02637695,0.149795732,0.823913877,17612632
313,2014,Yes,No,Yes,Manufacturing,8.202584837,0.355708954,0.425302599,0.163633246,56712610
314,2014,Yes,No,Yes,Manufacturing,8.469420497,0.034582612,0.083844521,0.587538795,10192443
315,2014,Yes,No,Yes,Manufacturing,8.612125565,0.054311811,0.117703225,0.538569899,22234115
316,2014,Yes,No,Yes,Manufacturing,8.465114354,0.131311506,0.20610342,0.362885359,38319262
317,2014,Yes,No,Yes,Manufacturing,7.987773239,0.018241967,-0.099240214,1.183816281,1773556
318,2014,Yes,No,Yes,Manufacturing,9.536207204,-0.012595357,-0.014751707,0.146176313,-43293000
319,2014,Yes,No,Yes,Manufacturing,7.574020451,-0.01071592,-0.096991138,0.889516502,-401837
320,2014,Yes,No,Yes,Manufacturing,8.022612988,0.016132087,0.038548048,0.581507035,1699431
321,2014,Yes,No,Yes,Manufacturing,7.698116438,-0.151023973,-1.505171675,0.899663291,-7536372
322,2014,Yes,No,Yes,Manufacturing,10.25808693,0.079539761,0.119166746,0.33253392,1441024000
323,2014,Yes,No,Yes,Manufacturing,8.320581115,0.112700205,0.185480768,0.392388731,23577938
324,2014,Yes,No,Yes,Manufacturing,10.20231593,0.100505069,0.155321757,0.352923437,1601415000
325,2014,No,No,No,Service,7.587483097,-0.02708263,-0.036932285,0.266694985,-1047548
326,2014,No,No,No,Service,7.911611915,0.046986933,0.052122173,0.098523141,3833443
327,2014,Yes,No,Yes,Manufacturing,7.59893882,-0.151245872,-0.394450529,0.616565677,-6006512
328,2014,No,No,No,Service,7.108166535,-0.529959642,-0.570454441,0.070986911,-6798441
329,2014,Yes,No,Yes,Manufacturing,7.577129472,0.239793413,0.274819605,0.127451578,9056632
330,2014,No,No,No,Service,7.707891699,0.045026692,0.085532122,0.4735698,2298062
331,2014,Yes,No,Yes,Manufacturing,9.859462113,0.082214764,0.215982886,0.619345933,594856111
332,2014,No,No,No,Service,7.476853357,-0.038953488,-0.210133016,0.814624619,-1167884
333,2014,Yes,No,Yes,Manufacturing,8.342700787,0.071333433,0.087340107,0.183268309,15703408
334,2014,Yes,No,Yes,Manufacturing,8.12755703,0.047105498,0.135552821,0.652493413,6318713
335,2014,Yes,No,Yes,Manufacturing,8.784100113,0.077779322,0.114550404,0.321003511,47311233
336,2014,Yes,No,Yes,Manufacturing,8.759158089,0.081825775,0.14242593,0.425485407,46994628
337,2014,Yes,No,Yes,Manufacturing,9.514766229,0.064374264,0.164743218,0.609244832,210609765
338,2014,Yes,No,Yes,Manufacturing,8.120855598,0.021330139,0.03493317,0.389401564,2817405
339,2014,Yes,No,Yes,Manufacturing,8.202516564,0.139399503,0.202620855,0.312017992,22221726
340,2014,Yes,No,Yes,Manufacturing,8.970801697,-0.18040261,-0.394838227,0.543097406,-168672590
341,2014,Yes,No,Yes,Manufacturing,8.426953381,0.042386274,0.053239961,0.203863541,11328662
342,2014,Yes,No,Yes,Manufacturing,8.414890704,0.17699112,0.215749213,0.179644194,46008935
343,2014,No,No,No,Service,9.025198299,0.023754427,0.146422604,0.837768033,25173457
344,2014,Yes,No,Yes,Manufacturing,8.325170011,0.007203945,0.06495559,0.889094304,1523142
345,2014,Yes,No,Yes,Manufacturing,9.294550217,-0.017043136,-0.071500451,0.76163597,-33581471
346,2014,Yes,No,Yes,Manufacturing,8.332501446,0.31486189,0.456243736,0.309882273,67705125
347,2014,Yes,No,Yes,Manufacturing,8.19239927,0.206988422,0.325389417,0.363874756,32236310
348,2014,Yes,No,Yes,Manufacturing,7.902102963,-0.023501577,-0.091329599,0.742672948,-1875858
349,2014,Yes,No,Yes,Manufacturing,9.383066653,0.104756846,0.236321413,0.55671877,253074897
350,2014,No,No,No,Service,8.508472099,0.032981876,0.065750684,0.498379725,10635244
351,2014,Yes,No,Yes,Manufacturing,9.054876392,-0.0752465,-0.366688285,0.794794371,-85381287
352,2014,Yes,No,Yes,Manufacturing,8.131466112,-0.085155638,-1.172742613,0.927387615,-11526024
353,2014,Yes,No,Yes,Manufacturing,7.86119074,-0.143194576,-0.234025667,0.388124482,-10402011
354,2014,Yes,No,Yes,Manufacturing,8.521175718,0.058529347,0.074690045,0.216370177,19433427
355,2014,Yes,No,Yes,Manufacturing,8.729887667,0.041567254,0.067617036,0.385254713,22317164
356,2014,Yes,No,Yes,Manufacturing,8.660856077,-0.049850754,0.747254608,1.066711872,-22831151
357,2014,Yes,No,Yes,Manufacturing,8.536766531,0.030876086,0.147512444,0.790688262,10626464
358,2014,No,No,No,Service,7.802899817,0.178460636,0.214089058,0.166418699,11335541
359,2014,Yes,No,Yes,Manufacturing,8.628432458,0.141788186,0.167499373,0.1535002,60266019
360,2014,Yes,No,Yes,Manufacturing,9.294800816,0.039137338,0.070996061,0.448739307,77159978
361,2014,Yes,No,Yes,Manufacturing,7.952835072,0.004049491,0.005460235,0.258366891,363275
362,2014,No,No,No,Service,7.379062517,0.116312411,0.202387293,0.425297859,2784124
363,2014,No,No,No,Service,7.53502599,0.173615115,0.212153667,0.181653954,5951323
364,2014,Yes,No,Yes,Manufacturing,8.427677424,0.200436916,0.270610806,0.25931666,53660552
365,2014,No,No,No,Service,7.125452865,0.041043808,0.045743386,0.102737879,547899
366,2014,No,No,No,Service,8.220480987,0.165835896,0.314616928,0.472895825,27552406
367,2014,No,No,No,Service,8.103309644,0.013366458,0.029388951,0.545187662,1695610
368,2014,Yes,No,Yes,Manufacturing,7.974915385,0.042497075,0.082584044,0.485408162,4011201
369,2014,Yes,No,Yes,Manufacturing,8.15233531,-0.092806308,0.405437927,1.228903864,-13179921
370,2014,Yes,No,Yes,Manufacturing,8.486658373,0.196422144,0.240301308,0.182600603,60234987
371,2014,No,No,No,Service,7.740919856,0.053155689,0.054324429,0.021514072,2927316
372,2014,Yes,No,Yes,Manufacturing,8.244356615,-0.001867658,-0.003038502,0.385335871,-327834
373,2014,No,No,No,Service,8.684111748,-0.100793127,4.576151094,1.022025743,-48701537
374,2014,No,No,No,Service,7.002568624,0.095480013,0.132028786,0.276824278,960464
375,2014,Yes,No,Yes,Manufacturing,7.132250369,0.022921067,0.02927622,0.217075602,310803
376,2014,Yes,No,Yes,Manufacturing,8.88731223,0.033013443,0.078868727,0.581412765,25468481
377,2014,Yes,No,Yes,Manufacturing,8.436523758,-0.068939917,-0.146406471,0.529119739,-18836253
378,2014,Yes,No,Yes,Manufacturing,8.199388172,0.04473966,0.06513216,0.313094175,7080776
379,2014,Yes,No,Yes,Manufacturing,7.658078139,0.215979729,0.377235789,0.427467554,9828588
380,2014,No,No,No,Service,7.345766496,-0.238838981,0.859036072,1.278031376,-5295070
381,2014,No,No,No,Service,9.746679883,0.017237972,0.10584713,0.837142759,96198000
382,2014,No,No,No,Service,8.071603307,-0.004111884,-0.004347958,0.054295468,-484891
383,2014,Yes,No,Yes,Manufacturing,7.05250672,-0.049572739,-0.051176234,0.031332814,-559435
384,2014,Yes,No,Yes,Manufacturing,8.537605594,0.026568507,0.055211215,0.518784232,9161630
385,2014,No,No,No,Service,9.135307082,0.145326487,0.16328849,0.110001646,198450345
386,2014,No,No,No,Service,8.95477593,0.013145055,0.036683685,0.641664821,11845089
387,2014,Yes,No,Yes,Manufacturing,7.701986079,0.064224166,0.105444346,0.39091883,3233587
388,2014,Yes,No,Yes,Manufacturing,9.143013338,0.1222386,0.17007672,0.281273766,169911082
389,2014,Yes,No,Yes,Manufacturing,8.517611301,0.047549594,0.070478784,0.325334638,15658787
390,2014,Yes,No,Yes,Manufacturing,7.576774772,0.093889833,0.154979473,0.39417891,3543181
391,2014,Yes,No,Yes,Manufacturing,8.559616895,-0.073733449,-1.54432239,0.952255145,-26747392
392,2014,Yes,No,Yes,Manufacturing,8.330455445,0.016226798,0.039696089,0.591224258,3472868
393,2014,Yes,No,Yes,Manufacturing,9.091861164,0.058897703,0.297842997,0.802252516,72771198
394,2014,Yes,No,Yes,Manufacturing,8.080935595,-0.097967166,-1.134238317,0.913627353,-11803645
395,2014,Yes,No,Yes,Manufacturing,8.742931005,0.03698052,0.04102846,0.098661767,20459924
396,2014,Yes,No,Yes,Manufacturing,8.7303366,0.046785973,0.062309153,0.249131619,25145036
397,2014,Yes,No,Yes,Manufacturing,9.544630601,0.040901792,0.12454385,0.671587218,143341828
398,2014,Yes,No,Yes,Manufacturing,8.244539877,-0.067097666,-0.206966664,0.675804477,-11782767
399,2014,Yes,No,Yes,Manufacturing,9.578439445,0.001703399,0.002955632,0.42367669,6452915
400,2014,No,No,No,Service,7.603164636,-0.045130887,-0.095700661,0.528416143,-1809833
401,2014,No,No,No,Service,8.648160955,0.099509658,0.128500728,0.225610163,44261506
402,2014,No,No,No,Service,8.087001653,0.017669442,0.036626236,0.517574193,2158860
403,2014,No,No,No,Service,8.892141278,0.111624185,0.164500088,0.32143389,87076222
404,2014,Yes,No,Yes,Manufacturing,8.354513917,-0.07603583,-0.134020084,0.432653467,-17200149
405,2014,No,No,No,Service,7.604123787,0.003835406,0.004740063,0.190853443,154147
406,2014,Yes,No,Yes,Manufacturing,7.548460877,0.065678528,0.066903641,0.018311612,2322118
407,2014,No,No,No,Service,8.899763015,0.025748863,0.071187744,0.638296409,20441891
408,2014,Yes,No,Yes,Manufacturing,7.060210553,-0.06475653,-0.105721495,0.387479995,-743865
409,2014,Yes,No,Yes,Manufacturing,7.650441386,0.001112498,0.004801073,0.768281344,49744
410,2014,No,No,No,Service,8.577555515,0.039399801,0.082687225,0.523508001,14895310
411,2014,Yes,No,Yes,Manufacturing,7.877830171,-0.004918249,-0.018844241,0.739005166,-371228
412,2014,Yes,No,Yes,Manufacturing,8.958269609,0.026789068,0.06694216,0.599817694,24334768
413,2014,Yes,No,Yes,Manufacturing,8.823176773,0.10725061,0.22282853,0.518685466,71380000
414,2014,No,No,No,Service,7.237856051,-0.005197187,-0.013701644,0.620688786,-89872
415,2014,Yes,No,Yes,Manufacturing,6.663914252,-0.057292675,-0.059515112,0.03734239,-264249
416,2014,Yes,No,Yes,Manufacturing,7.902578668,0.115258858,0.246954351,0.533278689,9209859
417,2014,Yes,No,Yes,Manufacturing,9.32660745,0.181234439,0.245351605,0.261327681,384457359
418,2014,Yes,No,Yes,Manufacturing,7.379833694,0.022041486,0.026476279,0.167500593,528536
419,2014,Yes,No,Yes,Manufacturing,7.69532758,0.104518772,0.106314101,0.016887019,5182292
420,2014,Yes,No,Yes,Manufacturing,7.937677624,0.081025956,0.085378643,0.05098098,7019429
421,2014,No,No,No,Service,8.822145803,0.22630998,0.429366216,0.472920851,150262119
422,2014,Yes,No,Yes,Manufacturing,9.873061285,0.084954058,0.30152472,0.718251765,634228000
423,2014,No,No,No,Service,6.583849275,-0.207706412,-0.476143462,0.563773466,-796708
424,2014,No,No,No,Service,9.023634717,-0.018916992,-0.067635975,0.720311688,-19975000
425,2014,Yes,No,Yes,Manufacturing,7.518329944,0.068859106,0.273686991,0.748401975,2271388
426,2014,Yes,No,Yes,Service,9.183695955,-0.376289636,-0.667544865,0.436308096,-574405000
427,2014,No,No,No,Service,8.834538532,0.003360807,0.012061238,0.721354737,2296054
428,2014,Yes,No,Yes,Manufacturing,9.852741224,0.080602907,0.256222305,0.685418071,574238000
429,2014,Yes,No,Yes,Manufacturing,9.641845384,0.064608925,0.111634931,0.421248133,283229115
430,2014,Yes,No,Yes,Manufacturing,8.316951761,-0.211183076,-0.621134408,0.660004223,-43813795
431,2014,Yes,No,Yes,Manufacturing,9.0404568,-0.013463489,-0.021731329,0.380457174,-14777958
432,2014,Yes,No,Yes,Service,10.37416738,0.078878612,0.111867162,0.29489038,1866924000
433,2014,Yes,No,Yes,Manufacturing,8.458500217,0.075658971,0.109709807,0.31037185,21745062
434,2014,Yes,No,Yes,Manufacturing,10.34108933,0.066520415,0.234838225,0.716739405,1458963000
435,2014,Yes,No,Yes,Manufacturing,10.50346382,0.057064876,0.198710946,0.712824696,1819000000
436,2014,Yes,No,Yes,Manufacturing,8.806840402,0.018425824,0.085080863,0.783431625,11810474
437,2014,No,No,No,Service,10.29836803,0.100989059,0.31847227,0.682895284,2007439000
438,2014,Yes,No,Yes,Manufacturing,9.281952564,0.136405894,0.370408686,0.631742183,261087272
439,2014,Yes,No,Yes,Manufacturing,8.817660547,0.182611422,0.339540214,0.462180283,120002000
440,2014,Yes,No,Yes,Manufacturing,10.09165946,0.033457611,0.057076883,0.413815021,413194370
441,2014,No,No,No,Service,7.41199393,-0.040724002,-0.124809804,0.673711511,-1051585
442,2014,Yes,No,Yes,Manufacturing,8.425701449,0.007633843,0.024430959,0.687534038,2034439
443,2014,No,No,No,Service,8.28851655,-0.005251293,-0.010748792,0.511452727,-1020429
444,2014,Yes,No,Yes,Manufacturing,6.564114622,1.180729061,-2.624646507,1.449862128,4327777
445,2014,Yes,No,Yes,Manufacturing,9.503544333,0.066405256,0.172128479,0.614211103,211712640
446,2014,Yes,No,Yes,Manufacturing,8.513388612,0.186902956,0.213524421,0.12467644,60954361
447,2014,Yes,No,Yes,Manufacturing,8.591362755,-0.021271313,-0.050281197,0.576952939,-8301509
448,2014,No,No,No,Service,7.540519159,0.119760736,0.166177522,0.279320484,4157513
449,2014,Yes,No,Yes,Manufacturing,9.190173923,0.084661074,0.197984192,0.572384679,131177000
450,2014,Yes,No,Yes,Manufacturing,9.864590872,0.013300288,0.071043717,0.812787268,97376000
451,2014,Yes,No,Yes,Manufacturing,8.240506219,-0.043186894,-0.44920786,0.903859889,-7513775
452,2014,No,No,No,Service,7.360988737,0.027571186,0.03541546,0.221492929,633059
453,2014,Yes,No,Yes,Manufacturing,8.383879425,0.033822441,0.183310825,0.815491308,8186238
454,2014,Yes,No,Yes,Manufacturing,6.716548459,-4.570273374,-4.628313403,0.012540212,-23795270
455,2014,Yes,No,Yes,Manufacturing,7.976983619,0.241674329,0.342447875,0.294274118,22919975
456,2014,Yes,No,Yes,Manufacturing,7.312392926,0.238129286,0.327827496,0.273614056,4888839
457,2014,Yes,No,Yes,Manufacturing,8.46678448,0.109485463,0.314761229,0.652163441,32073100
458,2014,Yes,No,Yes,Manufacturing,9.69542292,-0.045215794,-0.42332677,0.893189381,-224240000
459,2015,Yes,No,Yes,Manufacturing,7.224183648,0.021227388,0.02369922,0.104300161,355697
460,2015,Yes,No,Yes,Manufacturing,8.272582125,0.415344521,0.474778713,0.125182934,77801973
461,2015,Yes,No,Yes,Manufacturing,8.579504753,0.188282139,0.347521097,0.458213786,71501290
462,2015,No,No,No,Service,8.934413627,0.059692384,0.115623666,0.483735585,51325425
463,2015,Yes,No,Yes,Manufacturing,8.572197141,0.038099441,0.086018046,0.55707619,14227079
464,2015,Yes,No,Yes,Manufacturing,9.231744743,0.164872138,0.234149261,0.29586736,281120173
465,2015,No,No,No,Service,8.116570419,0.055030899,0.11290243,0.51258003,7197423
466,2015,Yes,No,Yes,Manufacturing,9.726797057,-0.065844111,-0.214667291,0.693273667,-351005560
467,2015,Yes,No,Yes,Manufacturing,8.62441014,0.182780421,0.215614939,0.152283133,76973248
468,2015,Yes,No,Yes,Manufacturing,9.352968362,0.088495281,0.159759442,0.44607167,199475000
469,2015,Yes,No,Yes,Manufacturing,9.606838196,-0.056035422,-0.293186146,0.808874251,-226621360
470,2015,Yes,No,Yes,Manufacturing,7.726356263,0.025953547,0.04045816,0.358508974,1382143
471,2015,Yes,No,Yes,Manufacturing,9.337418316,-0.057538196,-0.101339051,0.432220889,-125133779
472,2015,Yes,No,Yes,Manufacturing,8.448380525,0.108784252,0.143549494,0.242182963,30545452
473,2015,Yes,No,Yes,Manufacturing,8.16818666,0.068710794,0.103146252,0.333850798,10120725
474,2015,Yes,No,Yes,Manufacturing,8.2072843,-0.030094242,-0.070556332,0.573472135,-4850290
475,2015,No,No,No,Service,8.249804618,-0.008645163,-0.010206511,0.152975722,-1536660
476,2015,Yes,No,Yes,Manufacturing,9.574087427,0.013758624,0.029542354,0.534274616,51601512
477,2015,Yes,No,Yes,Manufacturing,10.34329218,-0.008971067,-0.015728232,0.429620139,-197759000
478,2015,Yes,No,Yes,Manufacturing,8.945076199,0.020135982,0.054873212,0.633045324,17743897
479,2015,Yes,No,Yes,Manufacturing,8.990158917,0.014745759,0.040872454,0.639225025,14415378
480,2015,No,No,No,Service,7.703432153,0.238131669,0.259054566,0.08076637,12029548
481,2015,Yes,No,Yes,Manufacturing,10.13793957,0.064864467,0.190584274,0.659654673,891141000
482,2015,No,No,No,Service,8.733824291,0.022840246,0.061229637,0.626974012,12374426
483,2015,No,No,No,Service,8.631902077,0.022955137,0.091626158,0.749469616,9835172
484,2015,Yes,No,Yes,Manufacturing,8.467022625,0.06447959,0.107324984,0.399211744,18899264
485,2015,Yes,No,Yes,Manufacturing,9.795539536,0.034095514,0.074955913,0.545125764,212929960
486,2015,Yes,No,Yes,Manufacturing,8.923467492,0.019338167,0.036488084,0.470014173,16213725
487,2015,Yes,No,Yes,Manufacturing,8.645315077,0.122472603,0.191791915,0.361429792,54119531
488,2015,No,No,No,Service,8.05754601,0.01511071,0.028224909,0.464632091,1725166
489,2015,Yes,No,Yes,Manufacturing,7.942804072,-0.332645791,-0.378942179,0.122172698,-29159905
490,2015,Yes,No,Yes,Manufacturing,9.229998569,-0.017170682,-0.110242238,0.844245891,-29159905
491,2015,Yes,No,Yes,Manufacturing,7.635215105,0.051950783,0.072896507,0.28733509,2242886
492,2015,Yes,No,Yes,Manufacturing,9.592878614,0.106828495,0.160246589,0.333349335,418375000
493,2015,Yes,No,Yes,Manufacturing,9.069308441,0.199434251,0.447432642,0.554269777,233941994
494,2015,Yes,No,Yes,Manufacturing,8.436105186,0.009588012,0.023136417,0.585587865,2617181
495,2015,Yes,No,Yes,Manufacturing,7.508521127,-0.026538572,-0.093885937,0.717331772,-855852
496,2015,Yes,No,Yes,Manufacturing,9.021500829,-0.094860378,-0.455416272,0.791706218,-99674870
497,2015,Yes,No,Yes,Manufacturing,8.716791761,0.09402615,0.118110223,0.203911837,48982440
498,2015,Yes,No,Yes,Manufacturing,9.052312101,0.056751532,0.103916044,0.453871316,64016171
499,2015,Yes,No,Yes,Manufacturing,8.632484048,0.04531488,0.083614711,0.458051354,19441281
500,2015,Yes,No,Yes,Manufacturing,7.675831581,0.008449196,0.021388068,0.604957481,400541
501,2015,No,No,No,Service,8.2457898,0.241344257,0.637970478,0.621699961,42503703
502,2015,No,No,No,Service,9.619905307,0.139913887,0.349105192,0.599221409,583131000
503,2015,No,No,No,Service,8.895910956,0.01193094,0.061020626,0.804476931,9388271
504,2015,Yes,No,Yes,Manufacturing,8.417145036,-0.051714389,-0.137682186,0.624393025,-13513145
505,2015,Yes,No,Yes,Manufacturing,7.891683688,-0.084193611,-0.154277727,0.454272421,-6560891
506,2015,No,No,No,Service,8.781446806,0.0237775,0.098307218,0.758130683,14375170
507,2015,Yes,No,Yes,Manufacturing,8.790139288,0.173015996,0.259113311,0.332276694,106715019
508,2015,Yes,No,Yes,Manufacturing,9.498035814,0.006073668,0.015324476,0.603662242,19119956
509,2015,Yes,No,Yes,Manufacturing,7.855673191,0.185080843,0.25516319,0.274656961,13275004
510,2015,Yes,No,Yes,Manufacturing,8.836559459,0.031765687,0.070837568,0.551570053,21803073
511,2015,Yes,No,Yes,Manufacturing,9.32752755,0.090396976,0.296839387,0.69546839,192168170
512,2015,Yes,No,Yes,Manufacturing,7.88203226,-0.03923223,-0.068475871,0.427064897,-2990028
513,2015,Yes,No,Yes,Manufacturing,6.965895171,0.01128024,0.027259574,0.586191622,104283
514,2015,Yes,No,Yes,Manufacturing,8.786122393,-0.004892748,-0.007195534,0.320029863,-2990028
515,2015,No,No,No,Service,9.480894887,-0.010470958,-0.03932704,0.733746612,-31687012
516,2015,Yes,No,Yes,Manufacturing,9.951620058,0.013096511,0.028288541,0.537038312,117159000
517,2015,Yes,No,Yes,Manufacturing,9.043625888,0.02207042,0.064537908,0.658023926,24402622
518,2015,No,No,Yes,Service,8.832144425,0.122246947,0.575652617,0.787637642,83058187
519,2015,Yes,No,Yes,Manufacturing,8.016152018,0.006124714,0.019893347,0.692122468,635679
520,2015,Yes,No,Yes,Manufacturing,8.533253223,-0.04752023,-0.077955243,0.390416498,-16223022
521,2015,Yes,No,Yes,Manufacturing,8.379467473,0.032246603,0.041984441,0.231939202,7725942
522,2015,Yes,No,Yes,Manufacturing,7.926763832,0.017549634,0.035512372,0.505816327,1482627
523,2015,Yes,No,Yes,Manufacturing,9.187415519,0.047564767,0.061069313,0.221134729,73232000
524,2015,Yes,No,Yes,Manufacturing,9.296782148,0.123845321,0.189977058,0.348103809,245279781
525,2015,Yes,No,Yes,Manufacturing,8.075803831,0.033016962,0.064409744,0.487391817,3931343
526,2015,Yes,No,Yes,Manufacturing,7.755931844,-0.432577058,-0.432577058,3.93100751,-24660128
527,2015,No,No,Yes,Service,8.640707516,0.050656621,0.360126539,0.859336608,22148470
528,2015,Yes,No,Yes,Manufacturing,8.255736556,0.029435353,0.070800405,0.584248803,5304028
529,2015,Yes,No,Yes,Manufacturing,7.946905645,0.024694863,0.034002025,0.27372377,2185306
530,2015,Yes,No,Yes,Manufacturing,8.300778631,0.026137659,0.141889372,0.815788467,5224507
531,2015,Yes,No,Yes,Manufacturing,8.24490101,-0.023317243,-0.064495316,0.638466102,-4098059
532,2015,No,No,Yes,Service,7.910048984,0.119834641,0.180078797,0.334543306,9741624
533,2015,Yes,No,Yes,Manufacturing,7.408693058,-0.107585473,-0.204216497,0.473179324,-2757063
534,2015,Yes,No,Yes,Manufacturing,7.828673144,-0.004029803,-0.011061087,0.635677508,-271617
535,2015,Yes,No,Yes,Manufacturing,7.785827572,0.057565971,0.100813918,0.428987867,3515551
536,2015,Yes,No,Yes,Manufacturing,8.644863469,0.137772386,0.152861636,0.098711814,60817092
537,2015,Yes,No,Yes,Manufacturing,8.596844742,-0.070168701,-0.774700118,0.909424694,-27732446
538,2015,Yes,No,Yes,Manufacturing,7.260297949,-0.083947843,-0.121891733,0.31129174,-1528648
539,2015,Yes,No,Yes,Manufacturing,9.599872487,0.076112659,0.222264861,0.657558739,302921000
540,2015,Yes,No,Yes,Manufacturing,8.045831631,-0.084333773,-0.418610841,0.798538966,-9372019
541,2015,Yes,No,Yes,Manufacturing,8.837423147,0.004305689,0.026502657,0.837537446,2961187
542,2015,Yes,No,Yes,Manufacturing,8.437647905,0.372385258,0.508499135,0.267677696,102009445
543,2015,Yes,No,Yes,Manufacturing,8.448227281,0.006576478,0.015133806,0.565444567,1845953
544,2015,Yes,No,Yes,Manufacturing,8.744569779,0.05199654,0.131382757,0.604236195,28876478
545,2015,Yes,No,Yes,Manufacturing,8.561526764,0.139637538,0.237709631,0.412570969,50877873
546,2015,Yes,No,Yes,Manufacturing,7.971380127,0.046980267,0.046980267,1.256153712,4398409
547,2015,Yes,No,Yes,Manufacturing,9.527607992,0.020074306,0.024688146,0.186884798,67647000
548,2015,Yes,No,Yes,Manufacturing,7.582810094,-0.117240572,-2.418847538,0.9515304,-4486297
549,2015,Yes,No,Yes,Manufacturing,8.085123794,0.014523909,0.035506644,0.590952367,1766881
550,2015,Yes,No,Yes,Manufacturing,7.693468581,-0.185005009,-3.929964813,0.952924513,-9133812
551,2015,Yes,No,Yes,Manufacturing,10.31752387,0.069307962,0.095645539,0.275366502,1439816000
552,2015,Yes,No,Yes,Manufacturing,8.30233459,0.087033239,0.12543798,0.306165171,17459015
553,2015,Yes,No,Yes,Manufacturing,10.27031751,0.060420918,0.089798673,0.32715132,1125913000
554,2015,No,No,Yes,Service,7.791715948,-0.016694165,-0.022533355,0.259135421,-1033429
555,2015,No,No,Yes,Service,7.953060064,0.03397247,0.0388635,0.125851499,3049209
556,2015,Yes,No,Yes,Manufacturing,7.549523931,-0.146532355,-0.510649871,0.713047309,-5193468
557,2015,No,No,Yes,Service,6.740474091,0.06525944,0.097166935,0.32837812,359019
558,2015,Yes,No,Yes,Manufacturing,7.652253499,0.34485906,0.381197107,0.095326135,15484427
559,2015,No,No,Yes,Service,8.041529024,0.097887683,0.225687543,0.566269002,10771026
560,2015,Yes,No,Yes,Manufacturing,9.925735459,0.099891965,0.275147214,0.63695084,841910674
561,2015,No,No,Yes,Service,7.593013052,-0.09295653,-0.472520578,0.803275171,-3641606
562,2015,Yes,No,Yes,Manufacturing,8.386701125,0.042286562,0.056692955,0.254112581,10301572
563,2015,Yes,No,Yes,Manufacturing,8.224528362,0.20930991,0.360038295,0.418645425,35100892
564,2015,Yes,No,Yes,Manufacturing,8.90948316,0.089190768,0.152324766,0.414469686,72410753
565,2015,Yes,No,Yes,Manufacturing,8.827809673,0.015482683,0.033083681,0.532014499,10414919
566,2015,Yes,No,Yes,Manufacturing,9.559614186,0.024639819,0.055668278,0.557381334,89382336
567,2015,Yes,No,Yes,Manufacturing,8.156877934,0.015303675,0.026702435,0.426880927,2196209
568,2015,Yes,No,Yes,Manufacturing,8.269841408,0.130275503,0.210210733,0.380262363,24249577
569,2015,Yes,No,Yes,Manufacturing,8.941187549,-0.034922046,-0.086346133,0.595557504,-30499114
570,2015,Yes,No,Yes,Manufacturing,8.421767602,0.047167739,0.061073363,0.227687208,12456977
571,2015,Yes,No,Yes,Manufacturing,8.493948252,-0.009477864,-0.01147781,0.17424452,-2955689
572,2015,No,No,Yes,Service,9.141987211,0.032393248,0.216129365,0.850121023,44920203
573,2015,Yes,No,Yes,Manufacturing,8.464362491,-0.01269405,-0.200719754,0.936757348,-3697964
574,2015,Yes,No,Yes,Manufacturing,9.319227528,-0.087776263,-0.687776068,0.872376684,-183064702
575,2015,Yes,No,Yes,Manufacturing,8.395314947,0.111159996,0.178148546,0.376026365,27622531
576,2015,Yes,No,Yes,Manufacturing,8.268071893,0.07344683,0.115179166,0.362325384,13615856
577,2015,Yes,No,Yes,Manufacturing,7.909662012,-0.091618193,-0.47171658,0.805777033,-7441213
578,2015,Yes,No,Yes,Manufacturing,9.546049881,-0.004152976,-0.00908273,0.542761306,-14601897
579,2015,No,No,Yes,Service,8.588076125,0.019108968,0.043961159,0.565321574,7401391
580,2015,Yes,No,Yes,Manufacturing,9.222665568,-0.037486852,-0.258800363,0.855151472,-62595705
581,2015,Yes,No,Yes,Manufacturing,8.3281179,0.009685262,0.045910869,0.789042071,2061718
582,2015,Yes,No,Yes,Manufacturing,7.902728145,-0.030209234,-0.083697084,0.639064679,-2414726
583,2015,Yes,No,Yes,Manufacturing,8.555035535,0.060450467,0.07708739,0.21581899,21698774
584,2015,Yes,No,Yes,Manufacturing,8.775507253,0.086130698,0.126605852,0.319694178,51364755
585,2015,Yes,No,Yes,Manufacturing,8.82009947,-0.128861567,-3.587174312,0.964077138,-85157495
586,2015,Yes,No,Yes,Manufacturing,8.6019681,0.054739071,0.236295442,0.768344787,21890996
587,2015,No,No,Yes,Service,7.827059152,0.097271652,0.109998107,0.115697037,6531989
588,2015,Yes,No,Yes,Manufacturing,8.640535392,0.106206065,0.126147262,0.158078712,46417817
589,2015,Yes,No,Yes,Manufacturing,9.337265896,0.045652923,0.08161956,0.440661979,99250907
590,2015,Yes,No,Yes,Manufacturing,7.938834565,0.023735299,0.030088639,0.211154128,2061718
591,2015,No,No,Yes,Service,7.434439395,0.228607868,0.310779395,0.264404681,6216280
592,2015,No,No,Yes,Service,7.619371399,0.096723699,0.117272918,0.175225608,4026283
593,2015,Yes,No,Yes,Manufacturing,8.483386131,0.08382037,0.115239452,0.272641713,25511483
594,2015,No,No,Yes,Service,7.225209589,0.112883112,0.130732147,0.136531337,1896001
595,2015,No,No,Yes,Service,8.30609419,0.197161445,0.361693918,0.45489422,39894790
596,2015,No,No,Yes,Service,8.137224177,0.039093764,0.080228331,0.51271871,5362060
597,2015,Yes,No,Yes,Manufacturing,8.025814875,0.019552476,0.035670185,0.451853807,2074993
598,2015,Yes,No,Yes,Manufacturing,8.284760321,-0.069461754,-0.069461754,1.114464596,-13381539
599,2015,Yes,No,Yes,Manufacturing,8.466700492,0.150562735,0.184125815,0.182283401,44097908
600,2015,No,No,Yes,Service,7.774997934,0.054856794,0.057180778,0.040642746,3267596
601,2015,Yes,No,Yes,Manufacturing,8.238089146,-0.002912139,-0.004746001,0.386401551,-503850
602,2015,No,No,Yes,Service,8.906451337,-0.114692306,-0.331050255,0.653550165,-92466756
603,2015,No,No,Yes,Service,7.090339189,0.110974067,0.151158983,0.265845374,1366346
604,2015,Yes,No,Yes,Manufacturing,7.192356332,0.135021719,0.16396835,0.176537917,2102616
605,2015,Yes,No,Yes,Manufacturing,8.903324141,-0.037361493,-0.102982,0.637203652,-29905314
606,2015,Yes,No,Yes,Manufacturing,8.339949569,-0.01264327,-0.031482036,0.598397307,-2765725
607,2015,Yes,No,Yes,Manufacturing,8.262583653,0.005319163,0.007645993,0.30432014,973704
608,2015,Yes,No,Yes,Manufacturing,7.921913934,0.007887413,0.024774238,0.681628441,658944
609,2015,No,No,Yes,Service,7.69596798,0.298409115,1.753362262,0.829807495,14817675
610,2015,No,No,Yes,Service,9.760476541,-0.064308662,-0.717972968,0.910430247,-370464000
611,2015,No,No,Yes,Service,8.129586003,0.172563062,0.188172789,0.082954218,23255937
612,2015,Yes,No,Yes,Manufacturing,7.141784976,0.223172159,0.236195147,0.055136561,3093321
613,2015,Yes,No,Yes,Manufacturing,8.622731098,0.003751083,0.009430199,0.602226557,1573576
614,2015,No,No,Yes,Service,9.233039486,0.050075366,0.054873259,0.087435896,85637429
615,2015,No,No,Yes,Service,9.131174249,0.025362037,0.078465244,0.676773623,34305075
616,2015,Yes,No,Yes,Manufacturing,7.797921344,0.033889868,0.052313642,0.352179162,2128096
617,2015,Yes,No,Yes,Manufacturing,9.153283417,0.122351743,0.163707801,0.252621183,174138010
618,2015,Yes,No,Yes,Manufacturing,8.643243407,0.017149368,0.028987383,0.408385083,7542087
619,2015,Yes,No,Yes,Manufacturing,7.787535233,0.170174635,0.274763711,0.380650979,10433501
620,2015,Yes,No,Yes,Manufacturing,8.776908895,-0.030765588,-0.100708167,0.694507516,-18406623
621,2015,Yes,No,Yes,Manufacturing,8.387280641,0.0556031,0.160922181,0.654472118,13563746
622,2015,Yes,No,Yes,Manufacturing,9.20549186,0.049534624,0.324198512,0.847208972,79506151
623,2015,Yes,No,Yes,Manufacturing,8.090022892,-0.100194433,-2.659242286,0.962322187,-12327258
624,2015,Yes,No,Yes,Manufacturing,8.723906987,0.055207029,0.066940786,0.175285629,29234883
625,2015,Yes,No,Yes,Manufacturing,8.944847222,0.021537829,0.036081084,0.403071441,18969206
626,2015,Yes,No,Yes,Manufacturing,9.61258226,0.027604446,0.077871027,0.645510699,113125704
627,2015,Yes,No,Yes,Manufacturing,8.293304008,0.019411248,0.06299241,0.69184783,3813796
628,2015,Yes,No,Yes,Manufacturing,9.73724556,0.114707413,0.223277421,0.486256101,626378793
629,2015,No,No,Yes,Service,7.644916434,0.018481831,0.040792752,0.546933468,815946
630,2015,No,No,Yes,Service,8.717114474,0.127569158,0.16371443,0.220782446,66505898
631,2015,No,No,Yes,Service,8.1748549,-0.060155,-0.16741272,0.640678437,-8997599
632,2015,No,No,Yes,Service,8.946333336,0.070421892,0.105996612,0.335621299,62235907
633,2015,Yes,No,Yes,Manufacturing,8.259337885,-0.035177038,-0.078100233,0.549591126,-6391417
634,2015,No,No,Yes,Service,7.63843606,0.045697229,0.057992255,0.212011508,1987586
635,2015,Yes,No,Yes,Manufacturing,7.610272382,0.026121132,0.02768546,0.056503616,1064791
636,2015,No,No,Yes,Service,9.013102477,-0.030928267,-0.132540706,0.766650802,-31875578
637,2015,Yes,No,Yes,Manufacturing,7.184883216,0.007987387,0.015378017,0.480597067,122261
638,2015,Yes,No,Yes,Manufacturing,7.710908119,-0.097745082,-0.359018745,0.727743792,-5023461
639,2015,No,No,Yes,Service,8.670251537,0.04873299,0.09067647,0.462561891,22807338
640,2015,Yes,No,Yes,Manufacturing,7.92354145,0.006600824,0.021282137,0.689842058,553528
641,2015,Yes,No,Yes,Manufacturing,8.985501664,0.036985921,0.098383108,0.624062287,35771578
642,2015,Yes,No,Yes,Manufacturing,8.84482559,0.101107695,0.180866706,0.440982273,70731000
643,2015,No,No,Yes,Service,7.308665645,0.046835421,0.071820512,0.34788239,953323
644,2015,Yes,No,Yes,Manufacturing,6.786058198,-0.040762072,-0.043086069,0.053938479,-249066
645,2015,Yes,No,Yes,Manufacturing,7.853813473,-0.006513047,-0.012955153,0.497262043,-465155
646,2015,Yes,No,Yes,Manufacturing,9.448967125,0.154503158,0.198838469,0.222971496,434414674
647,2015,Yes,No,Yes,Manufacturing,7.399352363,0.074092135,0.089046933,0.16794287,1858337
648,2015,Yes,No,Yes,Manufacturing,7.771894817,0.079250834,0.079779829,0.006630687,4687040
649,2015,Yes,No,Yes,Manufacturing,8.029975821,0.118343533,0.123674588,0.043105506,12680032
650,2015,No,No,Yes,Service,8.815965467,0.102841161,0.160942924,0.361008498,67318191
651,2015,Yes,No,Yes,Manufacturing,10.02145273,0.060240782,0.244859177,0.753977848,632912000
652,2015,No,No,Yes,Service,6.555777773,-0.124651072,-0.360441954,0.654171579,-448202
653,2015,No,No,Yes,Service,9.01337449,-0.091704928,-1.235892946,0.925798647,-94573000
654,2015,Yes,No,Yes,Manufacturing,7.740379413,0.037609279,0.111889862,0.663872326,2068590
655,2015,No,No,Yes,Service,9.117779554,-0.164677393,-0.33208074,0.504104354,-215980000
656,2015,No,No,Yes,Service,8.954062469,0.00263975,0.097559795,0.972942239,2374790
657,2015,Yes,No,Yes,Manufacturing,9.994166025,0.084203663,0.3217302,0.738278647,830801000
658,2015,Yes,No,Yes,Manufacturing,9.750238734,0.028305483,0.05073821,0.442126887,159260953
659,2015,Yes,No,Yes,Manufacturing,8.434163804,0.13966671,0.312176262,0.552603042,37953926
660,2015,Yes,No,Yes,Manufacturing,9.030088003,-0.033983741,-0.057499729,0.408975628,-36421614
661,2015,Yes,No,Yes,Service,10.41803969,0.079051152,0.143750016,0.450079004,2069893000
662,2015,Yes,No,Yes,Manufacturing,8.548240538,0.09506601,0.12795919,0.257059929,33594316
663,2015,Yes,No,Yes,Manufacturing,10.40603092,0.100123926,0.304736039,0.671440483,2550168000
664,2015,Yes,No,Yes,Manufacturing,10.67795352,0.062827994,0.212420156,0.704227717,2993000000
665,2015,Yes,No,Yes,Manufacturing,8.818305785,0.021018948,0.090261463,0.76713265,13833012
666,2015,No,No,Yes,Service,10.41118021,0.03520786,0.181729846,0.806262645,907444000
667,2015,Yes,No,Yes,Manufacturing,9.30450094,0.127377683,0.394525493,0.677137004,256799565
668,2015,Yes,No,Yes,Manufacturing,8.959705212,0.173089077,0.309619374,0.440961738,157752000
669,2015,Yes,No,Yes,Manufacturing,10.19487115,0.046145024,0.076060029,0.393307829,722763185
670,2015,No,No,Yes,Service,7.56322632,-0.146603762,-0.462663078,0.683130621,-5362551
671,2015,Yes,No,Yes,Manufacturing,8.565700295,0.003246119,0.012796716,0.746331885,1194166
672,2015,No,No,Yes,Service,8.401111116,-0.093618547,-0.199242552,0.530127744,-23576157
673,2015,Yes,No,Yes,Manufacturing,6.957943101,-0.056897553,-0.264168913,0.784616773,-516460
674,2015,Yes,No,Yes,Manufacturing,9.715051474,0.050165389,0.163023083,0.692280455,260288906
675,2015,Yes,No,Yes,Manufacturing,8.508446359,0.149907211,0.172762344,0.13229233,48335797
676,2015,Yes,No,Yes,Manufacturing,8.579277549,0.012461667,0.02866884,0.565323626,4729919
677,2015,No,No,Yes,Service,7.660100636,-0.034516148,-0.04012313,0.139744383,-1578058
678,2015,Yes,No,Yes,Manufacturing,9.235856569,0.095215825,0.229457084,0.585038634,163895000
679,2015,Yes,No,Yes,Manufacturing,9.970158471,0.006386067,0.037882639,0.831424957,59620000
680,2015,Yes,No,Yes,Manufacturing,8.249429121,-0.12360399,-1.325701693,0.906763346,-21951369
681,2015,No,No,Yes,Service,7.456664318,0.063882193,0.09333265,0.315542922,1828286
682,2015,Yes,No,Yes,Manufacturing,8.471960791,0.030532348,0.100508268,0.69622054,9051509
683,2015,Yes,No,Yes,Manufacturing,6.754039709,11.64217697,11.9975985,0.02962439,66080589
684,2015,Yes,No,Yes,Manufacturing,8.159605277,0.165050824,0.212029238,0.221565736,23835429
685,2015,Yes,No,Yes,Manufacturing,7.520339687,0.250470488,0.315834331,0.206956108,8300347
686,2015,Yes,No,Yes,Manufacturing,8.459461473,0.016990589,0.057871373,0.706407705,4894067
687,2015,Yes,No,Yes,Manufacturing,9.754202731,-0.047089024,-0.355563594,0.867565113,-267376000
